id;username;password;usertype
1;EXE;online;71011
2;Road virtual Web;flexibility benchmark Buckinghamshire;17579
3;transmitter Glen microchip;Chicken Plastic;45246
4;Garden South Carolina;Identity;83046
5;Lilangeni enable;Security adapter Jamaica;17526
6;Pennsylvania CFP Franc matrix;Fresh Berkshire;12297
7;Programmable Industrial Intelligent;Cambridgeshire array;98324
8;platforms Pants;virtual Metical Costa Rica;22827
9;SMS;grey Alabama;61105
10;invoice Cayman Islands harness;Down-sized capacitor emulation;46330
